id,src_user_id,dest_user_id,text,created_timestamp,updated_timestamp,reply_id
487386,329537,551759,Will you be at the next event? ,2024-02-10 20:34:35,,
135644,652805,784515,how are you doing? ,2024-02-10 20:36:35,,
259658,652805,805310,Will you be at the next event? ,2024-02-10 21:30:35,,
491374,184352,222136,Are you free to meet sometime? ,2024-02-10 21:37:35,,
864547,184352,713285,Maybe we could grab a coffee? ,2024-02-10 22:06:35,,
519082,503297,578924,"Greetings, ",2024-02-10 22:44:35,,
971965,503297,325374,"Hey, ",2024-02-10 23:04:35,,
361516,141277,716457,how's everything going? ,2024-02-10 23:10:35,,
943484,141277,387124,See you around!,2024-02-10 23:38:35,,
497048,415271,466577,"Hey there, ",2024-02-10 23:40:35,,
842998,864972,985139,how are you doing? ,2024-02-11 00:20:35,,
171370,807448,423212,"Hello, ",2024-02-11 04:12:35,2024-02-11 04:13:35,
725358,807448,846907,Let's catch up soon. ,2024-02-11 05:16:35,,
947894,325374,448266,how have you been? ,2024-02-11 05:16:35,,
863694,325374,988950,how have you been? ,2024-02-11 05:21:35,,
293344,546625,742017,Take care!,2024-02-11 05:23:35,,863694
482815,546625,382537,Are you attending the alumni meetup? ,2024-02-11 06:07:35,,
453081,673757,397492,Do you have time for a quick chat? ,2024-02-11 06:18:35,,
593443,117595,587632,Do you have time for a quick chat? ,2024-02-11 06:20:35,,
127440,117595,195453,Are you free to meet sometime? ,2024-02-11 06:40:35,,
254873,950185,581463,It would be great to reconnect. ,2024-02-11 06:54:35,,
895928,754430,168428,Talk soon!,2024-02-11 07:53:35,,
718321,864642,495249,It would be great to reconnect. ,2024-02-11 07:59:35,,
978145,864642,309915,We should meet up sometime. ,2024-02-11 08:15:35,2024-02-11 08:49:35,
752143,527562,395546,Would love to chat soon. ,2024-02-11 08:18:35,,
202705,527562,925370,Maybe we could grab a coffee? ,2024-02-11 08:50:35,,752143
385382,664839,220660,Let's catch up soon. ,2024-02-11 08:52:35,,
411259,664839,392625,Catch you later!,2024-02-11 09:07:35,,
946252,587632,412117,Are you attending the alumni meetup? ,2024-02-11 09:45:35,,
170921,587632,212634,See you around!,2024-02-11 09:46:35,,
358565,866909,644105,Maybe we could grab a coffee? ,2024-02-11 10:14:35,,
604049,866909,395546,how's life treating you? ,2024-02-11 10:59:35,,
290322,784515,172958,"Hi, ",2024-02-11 11:03:35,,
646469,784515,836969,See you around!,2024-02-11 11:31:35,,
173168,673947,788788,Will you be at the next event? ,2024-02-11 12:05:35,,
574055,673947,959970,"Hey, ",2024-02-11 12:53:35,,
916779,785203,268388,Catch you later!,2024-02-11 13:41:35,,
677137,785203,227867,how's life treating you? ,2024-02-11 13:56:35,,916779
916208,222603,877118,how are you doing? ,2024-02-11 13:59:35,,
819653,167017,318448,"Greetings, ",2024-02-11 14:26:35,,
317645,167017,996317,how's life treating you? ,2024-02-11 15:03:35,,819653
475258,576975,579822,Are you attending the alumni meetup? ,2024-02-11 16:04:35,2024-02-11 16:29:35,
456866,795462,579051,hope you're doing well! ,2024-02-11 17:15:35,,
495597,795462,414734,We should meet up sometime. ,2024-02-11 19:29:35,,
477013,791038,940699,See you around!,2024-02-11 19:52:35,,
833492,791038,636095,Would love to chat soon. ,2024-02-11 20:01:35,,477013
953218,211613,950657,Maybe we could grab a coffee? ,2024-02-11 20:57:35,,
663637,800302,501121,See you around!,2024-02-11 22:08:35,,
320986,800302,399324,It would be great to reconnect. ,2024-02-11 22:48:35,,663637
612987,457314,753675,"Hi, ",2024-02-11 23:50:35,,
888484,457314,450390,"Greetings, ",2024-02-11 23:52:35,,
195277,310613,401764,"Howdy, ",2024-02-12 00:07:35,,
760182,310613,675956,It would be great to reconnect. ,2024-02-12 00:38:35,,
183578,447142,709221,Let's catch up soon. ,2024-02-12 00:43:35,,
733097,494825,950657,See you around!,2024-02-12 00:48:35,,
809179,494825,175082,hope you're doing well! ,2024-02-12 00:51:35,,
896382,994928,394046,See you around!,2024-02-12 02:18:35,,
379881,994928,637680,Would love to chat soon. ,2024-02-12 02:28:35,2024-02-12 02:57:35,
742502,206899,582716,what's new with you? ,2024-02-12 02:29:35,,
654352,760801,707354,Looking forward to it!,2024-02-12 02:41:35,,
814418,760801,643899,It would be great to reconnect. ,2024-02-12 02:48:35,2024-02-12 03:29:35,
595972,600694,967410,Take care!,2024-02-12 03:49:35,,
235616,328594,286857,"Howdy, ",2024-02-12 04:15:35,,
886528,328594,855329,Maybe we could grab a coffee? ,2024-02-12 04:17:35,,
548202,795583,788788,Are you free to meet sometime? ,2024-02-12 04:21:35,,
999550,795583,153705,"Greetings, ",2024-02-12 05:03:35,,
562702,468449,325524,Will you be at the next event? ,2024-02-12 05:22:35,,999550
931559,382369,559828,Maybe we could grab a coffee? ,2024-02-12 07:06:35,,
195933,182363,299988,how's everything going? ,2024-02-12 08:27:35,,
291899,182694,689667,We should meet up sometime. ,2024-02-12 08:49:35,2024-02-12 09:15:35,
775970,182694,638028,how have you been? ,2024-02-12 08:58:35,2024-02-12 09:09:35,291899
938115,865005,835631,Looking forward to it!,2024-02-12 09:11:35,,
833083,865005,466803,Let's catch up soon. ,2024-02-12 09:18:35,,
372096,299988,201911,hope you're doing well! ,2024-02-12 09:36:35,,
139678,359531,892231,"Greetings, ",2024-02-12 10:07:35,,
408082,359531,318448,Let's catch up soon. ,2024-02-12 10:36:35,,
207286,623813,652805,See you around!,2024-02-12 12:09:35,,
878779,423700,636559,Are you free to meet sometime? ,2024-02-12 12:43:35,,
922904,423700,242064,Are you attending the alumni meetup? ,2024-02-12 13:09:35,,
429929,387124,718667,how's everything going? ,2024-02-12 13:41:35,,
410711,245989,596557,We should meet up sometime. ,2024-02-12 14:50:35,,
981373,245989,671141,how's life treating you? ,2024-02-12 15:14:35,,410711
780311,319985,588871,how's life treating you? ,2024-02-12 15:14:35,,
541864,363646,337415,Maybe we could grab a coffee? ,2024-02-12 15:48:35,,
566982,363646,737574,Talk soon!,2024-02-12 16:05:35,,
845563,831164,760801,Are you free to meet sometime? ,2024-02-12 16:19:35,,
700155,485359,959304,Will you be at the next event? ,2024-02-12 17:48:35,,
511202,485359,579380,how's life treating you? ,2024-02-12 19:24:35,,
408108,625212,659259,Will you be at the next event? ,2024-02-12 19:43:35,,
959721,625212,576975,"Hey, ",2024-02-12 21:15:35,,
675010,312571,323570,Take care!,2024-02-12 21:36:35,,
420888,312571,443108,We should meet up sometime. ,2024-02-12 22:11:35,,
264089,167146,591194,Do you have time for a quick chat? ,2024-02-12 22:11:35,,
531242,978124,573816,Are you attending the alumni meetup? ,2024-02-12 23:34:35,,
292863,512107,772076,Take care!,2024-02-13 00:20:35,,
263873,512107,244826,"Howdy, ",2024-02-13 00:49:35,2024-02-13 00:52:35,
703070,342671,851283,Maybe we could grab a coffee? ,2024-02-13 01:02:35,,
767299,591856,500673,We should meet up sometime. ,2024-02-13 01:10:35,,703070
890909,591856,950657,Are you free to meet sometime? ,2024-02-13 02:21:35,,
903197,183422,673649,"Greetings, ",2024-02-13 03:19:35,,
686848,183422,748054,"Hi, ",2024-02-13 03:28:35,,
810984,603532,351976,what's new with you? ,2024-02-13 04:20:35,,686848
925927,159696,111141,hope you're doing well! ,2024-02-13 04:39:35,,
769202,159696,296107,Will you be at the next event? ,2024-02-13 04:45:35,,
873097,595206,173194,"Hi, ",2024-02-13 05:03:35,,
886533,677919,422251,"Hi, ",2024-02-13 05:05:35,2024-02-13 05:23:35,
342449,677919,851404,"Hey there, ",2024-02-13 05:30:35,,
652313,875707,824996,how's everything going? ,2024-02-13 06:13:35,,
571624,753449,552191,how have you been? ,2024-02-13 06:16:35,,
354078,271517,356634,Would love to chat soon. ,2024-02-13 07:01:35,,
787172,367384,190811,Are you free to meet sometime? ,2024-02-13 07:41:35,,
186116,570830,393702,Maybe we could grab a coffee? ,2024-02-13 07:48:35,,
693210,760373,667074,Are you attending the alumni meetup? ,2024-02-13 08:04:35,,
626518,598202,211589,"Greetings, ",2024-02-13 08:39:35,,
730074,816820,253554,Take care!,2024-02-13 08:52:35,,
209933,224552,941881,Are you free to meet sometime? ,2024-02-13 09:39:35,,
474718,224552,496580,Are you free to meet sometime? ,2024-02-13 10:14:35,,
853668,162851,362393,hope you're doing well! ,2024-02-13 10:26:35,,
127917,162851,694333,See you around!,2024-02-13 11:58:35,,
472610,111141,247879,Are you free to meet sometime? ,2024-02-13 12:36:35,,
469580,496636,892231,Will you be at the next event? ,2024-02-13 12:38:35,2024-02-13 13:02:35,
568780,496636,364680,hope you're doing well! ,2024-02-13 13:40:35,,469580
783972,742017,476689,Would love to chat soon. ,2024-02-13 14:25:35,,
505312,622439,466803,Are you attending the alumni meetup? ,2024-02-13 14:49:35,,
339668,622439,836969,See you around!,2024-02-13 15:28:35,,
141533,878467,393163,hope you're doing well! ,2024-02-13 15:33:35,,
563909,878467,209656,It would be great to reconnect. ,2024-02-13 16:31:35,,
720241,962561,843081,"Hi, ",2024-02-13 16:37:35,,
788018,393747,302977,"Hi, ",2024-02-13 16:44:35,,
385412,889306,794048,"Hello, ",2024-02-13 17:01:35,,
327119,448266,392625,Are you attending the alumni meetup? ,2024-02-13 17:47:35,,
770936,343642,539970,Are you free to meet sometime? ,2024-02-13 18:23:35,,
795698,776366,938299,Are you attending the alumni meetup? ,2024-02-13 18:45:35,,
219270,776366,841848,Let's catch up soon. ,2024-02-13 19:07:35,,
668760,393163,853583,Are you attending the alumni meetup? ,2024-02-13 19:42:35,,
269889,393163,456894,Are you free to meet sometime? ,2024-02-13 20:09:35,,
206973,512935,437829,"Hey, ",2024-02-13 21:23:35,,
711124,512935,136555,Maybe we could grab a coffee? ,2024-02-13 21:44:35,,
433585,618076,111141,"Greetings, ",2024-02-13 22:31:35,,
951815,618076,830084,what's new with you? ,2024-02-13 22:34:35,,
795200,201438,753675,Would love to chat soon. ,2024-02-13 23:07:35,,
446362,644105,656024,"Greetings, ",2024-02-13 23:19:35,,
894973,613610,747672,Talk soon!,2024-02-14 00:18:35,,
280863,613610,961104,"Howdy, ",2024-02-14 00:18:35,,
222228,918304,622439,Catch you later!,2024-02-14 00:55:35,,
762354,918304,308087,Will you be at the next event? ,2024-02-14 01:44:35,,
378925,133281,387124,We should meet up sometime. ,2024-02-14 01:44:35,,
747944,689667,841288,how's life treating you? ,2024-02-14 02:07:35,,
296242,689667,538525,how are you doing? ,2024-02-14 02:56:35,,
280548,126455,542528,hope you're doing well! ,2024-02-14 03:09:35,,
834605,351929,793510,Take care!,2024-02-14 03:57:35,,
463886,796029,112094,what's new with you? ,2024-02-14 03:57:35,,
797000,382692,687165,Will you be at the next event? ,2024-02-14 03:59:35,,
200247,584705,350626,Looking forward to it!,2024-02-14 04:06:35,,
210165,584705,348902,"Hi, ",2024-02-14 04:23:35,,
114468,663703,159964,Looking forward to it!,2024-02-14 04:49:35,,
630377,764538,838213,"Hey, ",2024-02-14 06:12:35,,
210756,489471,127518,"Hey, ",2024-02-14 07:14:35,,
438971,762736,269061,Catch you later!,2024-02-14 07:18:35,,
702936,762736,627658,"Howdy, ",2024-02-14 10:18:35,,
926936,458980,443017,We should meet up sometime. ,2024-02-14 10:37:35,,
119562,320884,815006,We should meet up sometime. ,2024-02-14 10:41:35,,
771336,562233,977652,Let's catch up soon. ,2024-02-14 10:41:35,,
503366,436327,534042,"Hey, ",2024-02-14 11:03:35,,
941224,436327,822845,Talk soon!,2024-02-14 11:25:35,,
545050,186936,211068,how are you doing? ,2024-02-14 12:26:35,,
500699,381922,757906,"Hey there, ",2024-02-14 14:07:35,,
966729,556848,423700,We should meet up sometime. ,2024-02-14 14:08:35,,
581976,556848,860009,how are you doing? ,2024-02-14 14:37:35,,
332724,698740,594507,Will you be at the next event? ,2024-02-14 14:54:35,,
216414,698740,408415,how are you doing? ,2024-02-14 15:01:35,,
212734,436768,689667,how's life treating you? ,2024-02-14 15:11:35,,
951752,551759,805445,Maybe we could grab a coffee? ,2024-02-14 15:55:35,,
606742,551759,801306,Are you free to meet sometime? ,2024-02-14 17:09:35,,951752
394139,944543,931186,See you around!,2024-02-14 17:14:35,,
517530,944543,820866,how are you doing? ,2024-02-14 17:19:35,,
802388,763006,669597,Do you have time for a quick chat? ,2024-02-14 17:42:35,,
984169,763006,293799,Looking forward to it!,2024-02-14 18:39:35,,
997323,359633,462544,See you around!,2024-02-14 18:59:35,,
715294,587177,417930,Looking forward to it!,2024-02-14 19:14:35,,
131259,587177,149120,Let's catch up soon. ,2024-02-14 19:24:35,,
739567,418591,470473,how's everything going? ,2024-02-14 19:34:35,2024-02-14 19:44:35,
392612,560738,866909,hope you're doing well! ,2024-02-14 19:56:35,,
932830,642246,393747,"Hello, ",2024-02-14 19:57:35,,
509225,546216,652569,It would be great to reconnect. ,2024-02-14 20:29:35,,
277316,828761,679238,See you around!,2024-02-14 20:35:35,,
838778,828761,233190,Will you be at the next event? ,2024-02-14 21:02:35,,
898936,729791,408415,Will you be at the next event? ,2024-02-14 21:52:35,,
334056,731086,913733,Do you have time for a quick chat? ,2024-02-14 21:55:35,,
427377,731086,832532,what's new with you? ,2024-02-14 22:10:35,,
780748,674228,147666,Will you be at the next event? ,2024-02-14 22:37:35,,
647201,674228,150812,It would be great to reconnect. ,2024-02-14 23:06:35,,
774187,173725,874810,how's everything going? ,2024-02-14 23:14:35,,
539035,173725,309915,Are you attending the alumni meetup? ,2024-02-14 23:41:35,,
153076,159964,922093,Talk soon!,2024-02-15 00:12:35,,
481145,137940,114365,"Howdy, ",2024-02-15 00:15:35,,
971503,137940,713014,Catch you later!,2024-02-15 00:35:35,2024-02-15 00:49:35,
400318,417471,951184,"Hey there, ",2024-02-15 01:03:35,,
867854,142035,713014,how are you doing? ,2024-02-15 01:03:35,,
909498,142035,747672,See you around!,2024-02-15 01:08:35,,
288367,142627,566015,Talk soon!,2024-02-15 01:26:35,,
363568,881054,436327,Would love to chat soon. ,2024-02-15 02:49:35,,
160946,881054,279621,Will you be at the next event? ,2024-02-15 03:32:35,,
979855,247879,280615,Would love to chat soon. ,2024-02-15 04:55:35,,
206681,618917,459663,"Hi, ",2024-02-15 05:08:35,,979855
963832,618917,694059,how's everything going? ,2024-02-15 05:24:35,,
750263,522622,119754,how have you been? ,2024-02-15 06:01:35,,
114041,522622,652805,Take care!,2024-02-15 07:02:35,,
689867,588585,649081,Would love to chat soon. ,2024-02-15 07:21:35,,
679025,220660,687807,"Hello, ",2024-02-15 07:49:35,,
223209,599387,359531,Let's catch up soon. ,2024-02-15 10:07:35,,679025
692528,599387,625559,See you around!,2024-02-15 10:07:35,,
176883,211931,410362,Would love to chat soon. ,2024-02-15 10:18:35,,
200824,211931,373496,Let's catch up soon. ,2024-02-15 10:44:35,,
141631,614508,456894,how's life treating you? ,2024-02-15 11:02:35,,
881458,614508,742017,what's new with you? ,2024-02-15 11:19:35,,
114555,987779,350626,"Hi, ",2024-02-15 11:49:35,,881458
854235,987779,280615,Catch you later!,2024-02-15 12:22:35,,
465150,643370,874810,Talk soon!,2024-02-15 12:54:35,,
904333,426300,674228,It would be great to reconnect. ,2024-02-15 13:17:35,,
433527,204411,841848,We should meet up sometime. ,2024-02-15 13:19:35,,
497272,204411,687165,Do you have time for a quick chat? ,2024-02-15 14:18:35,,
578596,413368,569354,We should meet up sometime. ,2024-02-15 14:25:35,,
597993,413368,126586,See you around!,2024-02-15 14:36:35,,
472641,552079,686982,how's everything going? ,2024-02-15 14:42:35,,
950388,873538,873483,Are you attending the alumni meetup? ,2024-02-15 15:00:35,,
224770,873538,299988,Are you free to meet sometime? ,2024-02-15 15:33:35,,
730426,601421,788057,Talk soon!,2024-02-15 16:22:35,,
528555,318106,673649,how's life treating you? ,2024-02-15 16:31:35,2024-02-15 16:33:35,
799600,318106,643025,Take care!,2024-02-15 17:12:35,,
636911,309915,296107,hope you're doing well! ,2024-02-15 18:31:35,,
426453,309915,463431,Talk soon!,2024-02-15 19:15:35,,
940820,468431,350626,Talk soon!,2024-02-15 20:08:35,,
759376,686773,694333,Take care!,2024-02-15 20:18:35,,
132600,399324,166767,"Hey, ",2024-02-15 20:33:35,2024-02-15 20:44:35,
671091,399324,653121,how have you been? ,2024-02-15 20:52:35,,
935943,146078,268388,Maybe we could grab a coffee? ,2024-02-15 21:02:35,,
299899,851420,530834,"Hello, ",2024-02-15 21:05:35,,
395885,851420,197389,Would love to chat soon. ,2024-02-15 21:21:35,,
881427,165894,242064,"Howdy, ",2024-02-15 21:35:35,,
996764,274112,875330,Are you free to meet sometime? ,2024-02-15 22:17:35,,
156088,274112,139061,how's life treating you? ,2024-02-15 22:24:35,,
329041,907841,729711,Catch you later!,2024-02-15 23:36:35,,
525960,907841,841288,how's life treating you? ,2024-02-15 23:42:35,,
747776,348339,594507,what's new with you? ,2024-02-15 23:51:35,,525960
252112,348339,892231,See you around!,2024-02-16 00:30:35,,
730806,534042,197389,Are you free to meet sometime? ,2024-02-16 01:32:35,,
855620,534042,828761,Looking forward to it!,2024-02-16 01:37:35,,
259217,891175,387124,what's new with you? ,2024-02-16 02:04:35,2024-02-16 02:04:35,
837343,378035,918660,"Hello, ",2024-02-16 02:17:35,,
932637,129735,651283,It would be great to reconnect. ,2024-02-16 02:40:35,2024-02-16 03:04:35,
693763,129735,482988,"Greetings, ",2024-02-16 03:31:35,,
433181,875330,314919,Are you free to meet sometime? ,2024-02-16 03:31:35,,
349363,875330,613040,Are you attending the alumni meetup? ,2024-02-16 04:10:35,,
385389,275250,824996,Do you have time for a quick chat? ,2024-02-16 04:15:35,,
535076,275250,986065,Are you free to meet sometime? ,2024-02-16 05:01:35,,
807508,191259,132273,"Greetings, ",2024-02-16 05:04:35,,
939742,331629,780226,how's life treating you? ,2024-02-16 05:21:35,,
693016,642901,552191,"Howdy, ",2024-02-16 05:31:35,,
930205,642901,435354,"Howdy, ",2024-02-16 06:20:35,,
893193,501121,552079,Talk soon!,2024-02-16 06:25:35,,
984036,501121,190811,Maybe we could grab a coffee? ,2024-02-16 06:25:35,,
635181,479456,435354,how's life treating you? ,2024-02-16 08:43:35,,
130479,410002,671141,It would be great to reconnect. ,2024-02-16 09:26:35,,635181
795733,410002,345430,"Greetings, ",2024-02-16 09:45:35,,
337684,569354,636095,how's everything going? ,2024-02-16 10:47:35,,
865590,436052,741114,"Hi, ",2024-02-16 10:55:35,,
693436,928885,584437,how are you doing? ,2024-02-16 11:08:35,,
365612,325869,763783,"Hello, ",2024-02-16 11:56:35,2024-02-16 12:54:35,
211934,330642,378035,We should meet up sometime. ,2024-02-16 13:16:35,,
880297,246897,255792,Let's catch up soon. ,2024-02-16 13:29:35,,
645864,489279,795583,Talk soon!,2024-02-16 14:10:35,,
988058,489279,970739,See you around!,2024-02-16 14:44:35,,
259681,220931,364680,It would be great to reconnect. ,2024-02-16 14:58:35,,
840264,220931,438132,Let's catch up soon. ,2024-02-16 15:30:35,,
509734,222136,319985,Maybe we could grab a coffee? ,2024-02-16 15:49:35,,
881188,222136,729143,"Hey, ",2024-02-16 16:12:35,,509734
592617,386497,908794,Do you have time for a quick chat? ,2024-02-16 17:34:35,,
600283,386497,244328,"Hey there, ",2024-02-16 18:51:35,,
215451,344699,443108,See you around!,2024-02-16 19:09:35,,
393916,344699,183422,Catch you later!,2024-02-16 19:18:35,,
938004,206553,936019,Looking forward to it!,2024-02-16 20:39:35,,
353997,206553,127459,"Hello, ",2024-02-16 21:04:35,,
777742,738051,584148,what's new with you? ,2024-02-16 21:49:35,,
763423,738051,205958,how's everything going? ,2024-02-16 22:04:35,,
191710,661410,266711,Take care!,2024-02-16 23:15:35,,
176255,661410,556817,Are you attending the alumni meetup? ,2024-02-16 23:16:35,,
652300,688314,223147,Let's catch up soon. ,2024-02-16 23:28:35,,176255
369278,482988,573780,Are you attending the alumni meetup? ,2024-02-17 00:04:35,,
742603,180709,673947,See you around!,2024-02-17 00:08:35,,
773734,716435,846907,Do you have time for a quick chat? ,2024-02-17 00:08:35,,
148622,310398,404454,what's new with you? ,2024-02-17 00:28:35,,
363960,616707,141277,how's life treating you? ,2024-02-17 01:15:35,,
978634,915422,244826,Are you free to meet sometime? ,2024-02-17 01:24:35,,
997410,673649,244826,Are you attending the alumni meetup? ,2024-02-17 02:50:35,,978634
936224,392625,137940,what's new with you? ,2024-02-17 02:56:35,,
966829,392625,939003,how's everything going? ,2024-02-17 02:59:35,,
849596,968723,317552,Do you have time for a quick chat? ,2024-02-17 03:18:35,,
123535,165407,646480,how have you been? ,2024-02-17 03:33:35,,849596
390176,165407,741114,Are you free to meet sometime? ,2024-02-17 04:18:35,2024-02-17 04:28:35,
171323,910637,173725,Are you attending the alumni meetup? ,2024-02-17 04:26:35,2024-02-17 04:30:35,
400922,910637,368996,See you around!,2024-02-17 06:06:35,,
136385,706110,675687,Will you be at the next event? ,2024-02-17 06:22:35,,
901046,209943,780660,Catch you later!,2024-02-17 07:36:35,,
396391,209943,686982,"Hey, ",2024-02-17 08:16:35,,
971890,588090,433329,Are you free to meet sometime? ,2024-02-17 08:50:35,,
477331,588090,155174,how's everything going? ,2024-02-17 09:41:35,,
761120,659259,775878,Take care!,2024-02-17 10:18:35,,
922298,659259,752669,Will you be at the next event? ,2024-02-17 10:21:35,,
214321,223163,456894,Let's catch up soon. ,2024-02-17 10:26:35,2024-02-17 10:28:35,
802443,851598,960273,hope you're doing well! ,2024-02-17 11:26:35,,
205792,851598,957744,Are you free to meet sometime? ,2024-02-17 13:10:35,,802443
675865,773879,675687,Looking forward to it!,2024-02-17 14:28:35,,
886979,277950,373496,Would love to chat soon. ,2024-02-17 14:35:35,,
349411,686982,721147,Do you have time for a quick chat? ,2024-02-17 15:06:35,,
481424,212549,248328,Talk soon!,2024-02-17 15:15:35,,
710506,423212,244596,"Hi, ",2024-02-17 15:56:35,,
360954,227867,981172,"Hi, ",2024-02-17 16:01:35,,
952245,227867,136555,Catch you later!,2024-02-17 16:18:35,,
314040,964971,967410,Do you have time for a quick chat? ,2024-02-17 16:27:35,,
991545,698749,822845,hope you're doing well! ,2024-02-17 17:09:35,,314040
674430,495249,144874,what's new with you? ,2024-02-17 17:41:35,,
732075,837285,427751,We should meet up sometime. ,2024-02-17 18:06:35,,
848980,837285,747672,Take care!,2024-02-17 19:37:35,,
298398,135880,864341,what's new with you? ,2024-02-17 20:38:35,,
367288,724805,731129,"Hey, ",2024-02-17 21:33:35,,298398
536563,724805,775527,Are you free to meet sometime? ,2024-02-17 21:42:35,2024-02-17 23:18:35,
458410,682408,175082,"Hey there, ",2024-02-17 21:42:35,,
685190,244846,163112,Talk soon!,2024-02-17 22:32:35,,
963357,904475,376363,We should meet up sometime. ,2024-02-17 23:07:35,,
953409,904475,618917,Take care!,2024-02-17 23:18:35,,
161331,315925,225855,"Howdy, ",2024-02-17 23:21:35,,
189617,315925,539970,Let's catch up soon. ,2024-02-17 23:23:35,,
558366,205958,197389,"Hello, ",2024-02-18 00:07:35,,
141947,205958,372172,"Hey there, ",2024-02-18 00:13:35,2024-02-18 01:08:35,
658112,270705,312788,Talk soon!,2024-02-18 00:43:35,,
232510,646480,665184,"Greetings, ",2024-02-18 01:25:35,,
799660,646480,112094,"Hey, ",2024-02-18 01:42:35,,
832735,729143,296107,We should meet up sometime. ,2024-02-18 02:20:35,,
698328,729143,549211,Would love to chat soon. ,2024-02-18 03:34:35,,
451912,500673,507537,what's new with you? ,2024-02-18 04:19:35,,
861921,477746,643025,Are you attending the alumni meetup? ,2024-02-18 05:04:35,,
545158,121468,300584,what's new with you? ,2024-02-18 05:05:35,,
900893,475633,673757,"Hey, ",2024-02-18 05:19:35,,
141688,508117,937320,how are you doing? ,2024-02-18 05:48:35,,900893
421387,508117,330505,how are you doing? ,2024-02-18 07:59:35,,
384095,346364,381922,See you around!,2024-02-18 08:02:35,,
906727,840385,625850,"Hey there, ",2024-02-18 08:19:35,,
818240,840385,642044,"Hello, ",2024-02-18 08:36:35,,
727669,496182,838213,"Hey, ",2024-02-18 08:58:35,,
305783,136555,319985,Let's catch up soon. ,2024-02-18 09:10:35,2024-02-18 09:26:35,
966018,221720,142900,Talk soon!,2024-02-18 09:45:35,2024-02-18 10:36:35,
697399,588281,788057,"Howdy, ",2024-02-18 09:45:35,,
158501,588281,420175,See you around!,2024-02-18 11:04:35,,
551446,369737,786455,"Greetings, ",2024-02-18 11:59:35,,
538373,369737,637680,Talk soon!,2024-02-18 13:09:35,,
121949,841848,970739,Maybe we could grab a coffee? ,2024-02-18 13:24:35,2024-02-18 14:43:35,
765665,699097,135880,We should meet up sometime. ,2024-02-18 13:30:35,,
701312,699097,749090,Are you free to meet sometime? ,2024-02-18 14:22:35,,
304929,631194,328684,"Greetings, ",2024-02-18 14:39:35,,
114742,492283,399324,Would love to chat soon. ,2024-02-18 15:43:35,,
434631,492283,800302,Are you attending the alumni meetup? ,2024-02-18 16:08:35,,
330891,300584,468431,Are you attending the alumni meetup? ,2024-02-18 16:26:35,,434631
552505,300584,334756,It would be great to reconnect. ,2024-02-18 17:22:35,2024-02-18 18:02:35,
438400,598147,393584,"Howdy, ",2024-02-18 17:41:35,,
366415,175082,912142,how are you doing? ,2024-02-18 18:01:35,,
379335,119017,362393,Catch you later!,2024-02-18 18:21:35,,366415
524833,119017,542528,Let's catch up soon. ,2024-02-18 19:10:35,,
708438,431999,142035,"Howdy, ",2024-02-18 19:33:35,,
703059,431999,677919,It would be great to reconnect. ,2024-02-18 19:35:35,,
450189,493966,725222,Looking forward to it!,2024-02-18 19:40:35,,
576259,493966,410362,"Hi, ",2024-02-18 20:04:35,,
723565,372172,979660,"Hello, ",2024-02-18 20:14:35,,
252383,372172,294692,Will you be at the next event? ,2024-02-18 20:15:35,,
780733,126586,573959,Will you be at the next event? ,2024-02-18 20:25:35,,
853199,126586,346364,Maybe we could grab a coffee? ,2024-02-18 20:25:35,,
894716,971991,796746,"Hey, ",2024-02-18 20:29:35,,
126159,971991,504692,how have you been? ,2024-02-18 22:00:35,,
574018,964723,466860,hope you're doing well! ,2024-02-18 22:01:35,,
881799,964723,773879,See you around!,2024-02-18 22:18:35,,
271619,951430,501264,Let's catch up soon. ,2024-02-18 22:25:35,,
372392,644186,313970,Would love to chat soon. ,2024-02-19 02:03:35,,
965054,436301,381922,We should meet up sometime. ,2024-02-19 02:29:35,,
755442,436301,160474,Will you be at the next event? ,2024-02-19 03:22:35,,
784862,395610,220660,"Hello, ",2024-02-19 03:32:35,,
801942,395610,990829,hope you're doing well! ,2024-02-19 04:05:35,,
451201,169398,692518,"Hello, ",2024-02-19 04:14:35,,
382139,458856,754730,Do you have time for a quick chat? ,2024-02-19 04:18:35,,451201
163111,458856,431999,It would be great to reconnect. ,2024-02-19 04:32:35,,
869866,865618,729711,It would be great to reconnect. ,2024-02-19 04:34:35,,
644388,975242,270705,Let's catch up soon. ,2024-02-19 05:12:35,,
656631,975242,704460,It would be great to reconnect. ,2024-02-19 05:20:35,,
575569,293953,981172,how are you doing? ,2024-02-19 05:24:35,2024-02-19 05:42:35,
606655,664356,922093,Talk soon!,2024-02-19 05:32:35,,
202340,153705,674730,Do you have time for a quick chat? ,2024-02-19 05:52:35,,
313427,153705,147640,Will you be at the next event? ,2024-02-19 05:54:35,2024-02-19 06:06:35,
387454,579380,275250,Would love to chat soon. ,2024-02-19 06:37:35,,
837870,412117,370314,Will you be at the next event? ,2024-02-19 06:49:35,,
522109,412117,618076,"Hi, ",2024-02-19 06:50:35,,
146192,794048,372172,Talk soon!,2024-02-19 07:16:35,,
199552,901689,123389,Looking forward to it!,2024-02-19 07:24:35,,
845897,354978,796491,hope you're doing well! ,2024-02-19 07:38:35,,
769511,354978,489471,Catch you later!,2024-02-19 08:08:35,,
291415,768706,579178,Are you attending the alumni meetup? ,2024-02-19 08:15:35,2024-02-19 09:41:35,
966716,596557,222136,We should meet up sometime. ,2024-02-19 08:47:35,,
165256,489901,307710,Would love to chat soon. ,2024-02-19 09:01:35,,
807104,489901,811811,hope you're doing well! ,2024-02-19 09:10:35,,
236364,118888,312788,Take care!,2024-02-19 09:18:35,,
875100,307710,439219,hope you're doing well! ,2024-02-19 10:08:35,,
810845,307710,212819,Maybe we could grab a coffee? ,2024-02-19 10:27:35,,
524213,678895,864972,Catch you later!,2024-02-19 11:45:35,,
318165,678895,680813,"Howdy, ",2024-02-19 12:44:35,,
201249,160474,767601,"Howdy, ",2024-02-19 12:51:35,,
971841,159628,889222,Will you be at the next event? ,2024-02-19 15:14:35,,
404401,159628,958035,Will you be at the next event? ,2024-02-19 15:19:35,,
955011,676538,111141,Looking forward to it!,2024-02-19 15:29:35,,
213428,676538,366461,Looking forward to it!,2024-02-19 15:29:35,,
168929,718667,227867,Are you attending the alumni meetup? ,2024-02-19 16:43:35,,
841015,718667,599136,Do you have time for a quick chat? ,2024-02-19 17:04:35,,
472165,299889,870753,hope you're doing well! ,2024-02-19 17:17:35,,
970635,299889,964723,how's life treating you? ,2024-02-19 17:44:35,,
845754,364680,669781,Take care!,2024-02-19 17:49:35,,
548582,376363,849975,Would love to chat soon. ,2024-02-19 17:58:35,,
125925,920004,599779,Maybe we could grab a coffee? ,2024-02-19 18:06:35,,
742840,920004,628262,Will you be at the next event? ,2024-02-19 18:26:35,2024-02-19 18:29:35,
254387,602894,447813,how's life treating you? ,2024-02-19 19:54:35,,
724834,602894,233190,Let's catch up soon. ,2024-02-19 20:01:35,2024-02-19 20:31:35,
733822,366266,992840,Would love to chat soon. ,2024-02-19 20:15:35,,724834
940744,366266,387124,how's everything going? ,2024-02-19 20:34:35,,
829546,481323,780660,We should meet up sometime. ,2024-02-19 20:41:35,,
449217,150619,858447,Are you free to meet sometime? ,2024-02-19 20:46:35,2024-02-19 21:29:35,
244886,150619,686982,Do you have time for a quick chat? ,2024-02-19 21:28:35,,449217
360691,414451,187150,Are you free to meet sometime? ,2024-02-19 21:44:35,,
606848,414451,204985,Would love to chat soon. ,2024-02-19 22:04:35,,
791426,899873,899879,Looking forward to it!,2024-02-19 22:09:35,,
526955,899873,634706,"Hey, ",2024-02-19 22:29:35,2024-02-19 22:33:35,
183457,960273,595206,Let's catch up soon. ,2024-02-19 22:52:35,,
418913,960273,617971,hope you're doing well! ,2024-02-19 23:41:35,,
175547,123389,358395,"Greetings, ",2024-02-20 00:19:35,,
711936,321170,651477,hope you're doing well! ,2024-02-20 00:25:35,,175547
345766,841288,923047,"Hey, ",2024-02-20 00:56:35,,
241830,841288,332506,Let's catch up soon. ,2024-02-20 01:17:35,,
518082,577655,675687,Do you have time for a quick chat? ,2024-02-20 04:03:35,,
674116,860984,461777,Let's catch up soon. ,2024-02-20 04:42:35,,
530830,860984,915422,"Hey there, ",2024-02-20 05:47:35,,
824856,623399,913733,"Hello, ",2024-02-20 05:53:35,,
959843,718121,552079,Are you attending the alumni meetup? ,2024-02-20 06:25:35,,
592393,988950,915422,"Hi, ",2024-02-20 06:56:35,,
846755,833827,733773,Looking forward to it!,2024-02-20 07:52:35,,
549539,833827,468431,Would love to chat soon. ,2024-02-20 08:46:35,,
186828,663112,302758,what's new with you? ,2024-02-20 09:07:35,,
396008,663112,135880,Talk soon!,2024-02-20 09:42:35,,186828
632815,562688,503297,"Hey there, ",2024-02-20 10:02:35,,
547684,825129,458980,Are you attending the alumni meetup? ,2024-02-20 10:48:35,,
564208,825129,655374,how are you doing? ,2024-02-20 11:13:35,,
325976,567169,400420,"Greetings, ",2024-02-20 11:30:35,,
240895,567169,991848,hope you're doing well! ,2024-02-20 15:06:35,,
536316,946215,149120,Catch you later!,2024-02-20 15:26:35,,
158357,946215,628262,Will you be at the next event? ,2024-02-20 15:32:35,,
383926,212634,457695,Maybe we could grab a coffee? ,2024-02-20 16:38:35,,
998045,212634,566015,Would love to chat soon. ,2024-02-20 16:59:35,,
126194,669597,468478,Talk soon!,2024-02-20 17:21:35,,
812045,600375,501121,See you around!,2024-02-20 18:11:35,,126194
562349,368996,457004,It would be great to reconnect. ,2024-02-20 18:18:35,,
966088,368996,588281,how have you been? ,2024-02-20 18:29:35,,
559093,440399,197389,"Howdy, ",2024-02-20 18:52:35,,
557380,440399,753449,how's everything going? ,2024-02-20 18:57:35,,
330929,632986,527562,how's life treating you? ,2024-02-20 19:05:35,,
611336,632986,734063,how's life treating you? ,2024-02-20 19:16:35,,
838497,210986,458980,Catch you later!,2024-02-20 20:02:35,,
560728,210986,386445,Take care!,2024-02-20 22:50:35,,
841622,618975,582150,"Greetings, ",2024-02-20 23:05:35,,
880470,530579,578488,"Hey there, ",2024-02-20 23:27:35,2024-02-20 23:43:35,
631973,977652,182694,how's life treating you? ,2024-02-21 00:29:35,,
467039,377424,692641,Take care!,2024-02-21 01:05:35,,
957545,535985,884279,how are you doing? ,2024-02-21 01:35:35,,
797881,535985,323570,how's everything going? ,2024-02-21 01:41:35,,
990235,913733,977154,"Howdy, ",2024-02-21 01:54:35,,
972850,913733,325524,Are you free to meet sometime? ,2024-02-21 02:48:35,,
428414,345430,709986,what's new with you? ,2024-02-21 03:26:35,2024-02-21 03:35:35,
529252,370314,922093,We should meet up sometime. ,2024-02-21 04:08:35,2024-02-21 04:12:35,
595942,573780,427771,Catch you later!,2024-02-21 05:09:35,,
490824,286857,155174,Would love to chat soon. ,2024-02-21 05:56:35,,
460132,286857,351929,Would love to chat soon. ,2024-02-21 06:25:35,,
248110,959304,747672,"Hi, ",2024-02-21 06:35:35,,
653931,457004,718121,Would love to chat soon. ,2024-02-21 08:03:35,,
445109,457004,831164,how's life treating you? ,2024-02-21 08:14:35,,653931
365610,328131,309915,how are you doing? ,2024-02-21 08:14:35,,
638303,328131,718042,Maybe we could grab a coffee? ,2024-02-21 09:08:35,,
230092,355480,186936,Maybe we could grab a coffee? ,2024-02-21 09:12:35,,
775058,801306,991848,Maybe we could grab a coffee? ,2024-02-21 10:56:35,,
249774,801306,449033,Are you free to meet sometime? ,2024-02-21 10:58:35,,
935064,231506,767601,"Greetings, ",2024-02-21 11:04:35,,
719509,231506,118311,We should meet up sometime. ,2024-02-21 11:58:35,,
155080,627658,616991,Maybe we could grab a coffee? ,2024-02-21 12:03:35,,
385019,627658,998119,"Howdy, ",2024-02-21 12:15:35,,
337404,573138,400420,"Hello, ",2024-02-21 12:35:35,,
959765,324006,445632,Looking forward to it!,2024-02-21 12:51:35,,
448794,740152,400420,Do you have time for a quick chat? ,2024-02-21 13:26:35,,
201323,181637,899873,hope you're doing well! ,2024-02-21 13:34:35,,
522507,381532,889306,Let's catch up soon. ,2024-02-21 13:46:35,,
673710,381532,912142,Talk soon!,2024-02-21 13:56:35,,
809904,279621,873013,Talk soon!,2024-02-21 14:06:35,,
201356,159754,988950,how's life treating you? ,2024-02-21 14:06:35,,
565820,994471,440399,"Greetings, ",2024-02-21 14:16:35,,
145642,994471,724873,"Hey, ",2024-02-21 14:16:35,,
126580,639513,549092,Looking forward to it!,2024-02-21 14:26:35,,
609297,417930,561721,See you around!,2024-02-21 15:00:35,,
755429,638028,752669,Catch you later!,2024-02-21 15:57:35,,
921419,376135,469842,Do you have time for a quick chat? ,2024-02-21 16:11:35,,
278296,376135,940699,hope you're doing well! ,2024-02-21 16:46:35,,
613615,454988,801306,Looking forward to it!,2024-02-21 18:12:35,,
575650,468920,737574,We should meet up sometime. ,2024-02-21 18:19:35,,
996309,332978,673649,See you around!,2024-02-21 18:34:35,,575650
839143,488418,785203,Are you attending the alumni meetup? ,2024-02-21 18:44:35,,996309
731886,488418,370026,Let's catch up soon. ,2024-02-21 20:14:35,,
132256,579051,881050,Are you attending the alumni meetup? ,2024-02-21 20:28:35,,
837163,427751,328781,Maybe we could grab a coffee? ,2024-02-21 21:17:35,,
828682,347985,642901,It would be great to reconnect. ,2024-02-21 21:22:35,,
183552,347985,910137,"Hi, ",2024-02-21 21:24:35,,
718689,667482,655374,Would love to chat soon. ,2024-02-21 21:35:35,,
205161,780226,307703,how's life treating you? ,2024-02-21 22:36:35,,
520570,780226,165407,what's new with you? ,2024-02-21 23:10:35,,205161
723897,466577,727075,"Hey there, ",2024-02-21 23:29:35,,
451253,466577,326162,"Hey, ",2024-02-21 23:37:35,2024-02-22 00:00:35,
291232,420175,958035,Catch you later!,2024-02-22 00:33:35,2024-02-22 01:02:35,
336000,810564,352002,Would love to chat soon. ,2024-02-22 01:16:35,,
790679,804276,611054,Talk soon!,2024-02-22 01:49:35,,
997397,957387,655374,Do you have time for a quick chat? ,2024-02-22 01:54:35,,
849375,957387,366197,Talk soon!,2024-02-22 02:01:35,,997397
443748,594507,625850,Talk soon!,2024-02-22 02:12:35,,
118636,594507,611697,It would be great to reconnect. ,2024-02-22 02:38:35,,
710621,896305,701712,how are you doing? ,2024-02-22 03:03:35,,
507054,195718,724805,Do you have time for a quick chat? ,2024-02-22 03:09:35,2024-02-22 04:13:35,
506843,433329,687165,Catch you later!,2024-02-22 03:09:35,,
151680,721246,466803,Would love to chat soon. ,2024-02-22 03:27:35,,
273575,699381,776366,Talk soon!,2024-02-22 03:43:35,,151680
582374,699381,537863,Maybe we could grab a coffee? ,2024-02-22 04:21:35,2024-02-22 04:53:35,
929191,476689,968661,"Hi, ",2024-02-22 04:51:35,,582374
604814,476689,967410,hope you're doing well! ,2024-02-22 05:26:35,,
571237,846645,118888,Maybe we could grab a coffee? ,2024-02-22 06:01:35,,
671310,873483,780660,Are you free to meet sometime? ,2024-02-22 06:52:35,,
603423,239097,664839,how are you doing? ,2024-02-22 07:27:35,,671310
283453,748054,912142,It would be great to reconnect. ,2024-02-22 07:48:35,,
566919,748054,686773,Talk soon!,2024-02-22 08:37:35,,
718556,166767,167146,Maybe we could grab a coffee? ,2024-02-22 09:32:35,,
591004,569990,330642,Do you have time for a quick chat? ,2024-02-22 10:58:35,,718556
743308,694172,447142,how's everything going? ,2024-02-22 11:12:35,,
688021,358395,407516,"Hi, ",2024-02-22 12:46:35,,
172309,749090,876384,We should meet up sometime. ,2024-02-22 13:31:35,,
138064,716457,949011,"Hey, ",2024-02-22 13:35:35,,
243699,927782,815006,"Hello, ",2024-02-22 13:59:35,,
475879,927782,791288,Do you have time for a quick chat? ,2024-02-22 14:19:35,,
709562,569393,410002,Do you have time for a quick chat? ,2024-02-22 14:19:35,,
869681,569393,482988,Catch you later!,2024-02-22 14:44:35,,
888416,867563,328706,Let's catch up soon. ,2024-02-22 15:13:35,,
802081,867563,270705,"Hey, ",2024-02-22 15:31:35,,888416
339139,142900,299453,"Greetings, ",2024-02-22 17:30:35,,
187603,148192,625559,Take care!,2024-02-22 19:26:35,,
565759,148192,773879,See you around!,2024-02-22 20:30:35,2024-02-22 21:49:35,
894618,438132,562688,hope you're doing well! ,2024-02-22 21:58:35,,
133167,438132,435354,Are you free to meet sometime? ,2024-02-22 22:13:35,,
362483,352002,675956,It would be great to reconnect. ,2024-02-22 22:28:35,,133167
934057,851283,184352,Will you be at the next event? ,2024-02-22 23:21:35,,
568295,851283,733773,how's life treating you? ,2024-02-22 23:52:35,,
210090,160915,299889,Take care!,2024-02-23 01:14:35,,
704259,160915,268388,Looking forward to it!,2024-02-23 02:12:35,,
606466,927460,624072,Will you be at the next event? ,2024-02-23 02:18:35,,
340808,927460,873013,See you around!,2024-02-23 03:06:35,,
647070,777327,912142,Are you attending the alumni meetup? ,2024-02-23 03:41:35,,
750515,777327,333779,Would love to chat soon. ,2024-02-23 04:09:35,,
817640,439219,146078,Maybe we could grab a coffee? ,2024-02-23 04:11:35,,
543923,439219,579178,"Hi, ",2024-02-23 04:13:35,,
867659,187176,772076,It would be great to reconnect. ,2024-02-23 05:12:35,,
734914,187176,643370,It would be great to reconnect. ,2024-02-23 05:39:35,,
518673,628262,127518,how's life treating you? ,2024-02-23 06:57:35,,
140288,447813,553112,"Howdy, ",2024-02-23 08:33:35,,
688390,447813,701712,Are you free to meet sometime? ,2024-02-23 09:06:35,,
792999,607133,717798,Let's catch up soon. ,2024-02-23 09:20:35,,
567433,874810,503297,Catch you later!,2024-02-23 09:28:35,,792999
416211,874810,717404,It would be great to reconnect. ,2024-02-23 10:08:35,,567433
994795,302758,892140,See you around!,2024-02-23 10:09:35,,
996658,302758,967069,We should meet up sometime. ,2024-02-23 10:18:35,,
922712,651477,204985,See you around!,2024-02-23 11:24:35,,
830448,651477,312788,Will you be at the next event? ,2024-02-23 11:49:35,,
445903,312788,318106,Maybe we could grab a coffee? ,2024-02-23 11:54:35,,
684262,665743,760373,Let's catch up soon. ,2024-02-23 12:07:35,,
338784,665743,293799,Do you have time for a quick chat? ,2024-02-23 12:11:35,,
226731,971651,699097,what's new with you? ,2024-02-23 12:19:35,,
155327,714203,852303,how are you doing? ,2024-02-23 12:27:35,,
946940,649081,210986,how have you been? ,2024-02-23 12:53:35,,
436303,649081,800302,Take care!,2024-02-23 13:46:35,,
892291,350626,395610,"Greetings, ",2024-02-23 14:04:35,,
414369,751098,253674,Do you have time for a quick chat? ,2024-02-23 14:34:35,,
189645,751098,939003,"Hello, ",2024-02-23 14:48:35,,414369
824905,950657,956565,what's new with you? ,2024-02-23 14:49:35,,
652973,858447,638505,"Howdy, ",2024-02-23 15:56:35,,
830102,987500,791038,what's new with you? ,2024-02-23 15:56:35,,
710024,692832,914481,how's everything going? ,2024-02-23 16:38:35,2024-02-23 17:02:35,
391156,692832,675994,what's new with you? ,2024-02-23 16:45:35,,
848106,173194,737574,Do you have time for a quick chat? ,2024-02-23 17:44:35,,
908189,894779,717798,Do you have time for a quick chat? ,2024-02-23 18:13:35,,
795706,894779,269061,Are you free to meet sometime? ,2024-02-23 19:00:35,,
500833,687807,870753,Will you be at the next event? ,2024-02-23 19:30:35,,
587432,275107,913733,Will you be at the next event? ,2024-02-23 19:58:35,,
186891,275107,644105,"Hello, ",2024-02-23 19:59:35,,
385123,579517,655930,Talk soon!,2024-02-23 22:08:35,,
451486,579517,979660,Are you free to meet sometime? ,2024-02-23 22:14:35,,
640577,538525,343642,Take care!,2024-02-23 23:56:35,,
516575,538525,481323,Catch you later!,2024-02-24 00:09:35,,
578574,414734,846907,hope you're doing well! ,2024-02-24 01:04:35,,
928859,717798,636559,"Howdy, ",2024-02-24 01:37:35,,
443846,675956,150812,Catch you later!,2024-02-24 01:46:35,,928859
350513,471666,213812,Let's catch up soon. ,2024-02-24 03:16:35,,443846
195239,471666,496280,Will you be at the next event? ,2024-02-24 03:28:35,,
456001,769367,874810,"Howdy, ",2024-02-24 03:45:35,,
209304,769367,791038,Will you be at the next event? ,2024-02-24 04:12:35,,
496355,213812,132273,Would love to chat soon. ,2024-02-24 04:24:35,,
684754,849975,459663,It would be great to reconnect. ,2024-02-24 04:52:35,,
621843,849975,556848,Are you attending the alumni meetup? ,2024-02-24 05:31:35,,
908759,656379,875707,Are you attending the alumni meetup? ,2024-02-24 05:32:35,,
310623,122878,718042,Are you attending the alumni meetup? ,2024-02-24 05:51:35,,
421533,147666,195453,Are you attending the alumni meetup? ,2024-02-24 06:31:35,,
561830,154720,638505,Do you have time for a quick chat? ,2024-02-24 06:49:35,,
212028,935974,368996,what's new with you? ,2024-02-24 08:32:35,,
288533,443108,415271,See you around!,2024-02-24 08:38:35,,212028
161626,443108,479456,"Hey there, ",2024-02-24 08:43:35,,
364937,223147,244424,"Howdy, ",2024-02-24 08:47:35,,
938582,811811,716957,how's life treating you? ,2024-02-24 09:13:35,,
404422,811811,721147,Do you have time for a quick chat? ,2024-02-24 09:45:35,,938582
805496,746042,914481,Let's catch up soon. ,2024-02-24 10:08:35,,
171285,280615,320884,Catch you later!,2024-02-24 11:34:35,,
520247,280615,284374,Talk soon!,2024-02-24 11:41:35,,
639818,600238,293953,See you around!,2024-02-24 11:46:35,,
697633,167539,286857,Let's catch up soon. ,2024-02-24 11:49:35,,
113192,187663,777327,Talk soon!,2024-02-24 12:06:35,,
697117,366461,686773,Are you free to meet sometime? ,2024-02-24 12:08:35,,113192
614966,366461,569393,Maybe we could grab a coffee? ,2024-02-24 12:10:35,2024-02-24 12:33:35,697117
646358,570139,333779,"Hello, ",2024-02-24 12:43:35,,
657901,916170,686982,Do you have time for a quick chat? ,2024-02-24 12:47:35,,
308212,916170,414734,Catch you later!,2024-02-24 13:29:35,,
289684,581463,853583,Catch you later!,2024-02-24 14:05:35,,
324025,431996,931186,"Hello, ",2024-02-24 14:21:35,,
276314,190811,318448,It would be great to reconnect. ,2024-02-24 14:25:35,,
395670,793510,947181,Are you attending the alumni meetup? ,2024-02-24 14:27:35,,
392095,793510,910476,Take care!,2024-02-24 14:45:35,2024-02-24 14:48:35,
225929,354870,376363,"Hi, ",2024-02-24 14:48:35,,
727303,604459,663112,Let's catch up soon. ,2024-02-24 15:21:35,,
902929,604459,884626,what's new with you? ,2024-02-24 15:59:35,,
680278,984791,310398,Are you free to meet sometime? ,2024-02-24 16:01:35,,
500208,984791,618825,See you around!,2024-02-24 16:59:35,2024-02-24 18:19:35,
537243,351976,370314,how's life treating you? ,2024-02-24 17:06:35,,
471484,351976,825129,"Hello, ",2024-02-24 17:31:35,,
593054,398569,846907,"Hey, ",2024-02-24 18:16:35,,
810068,622050,112094,It would be great to reconnect. ,2024-02-24 18:45:35,,
671636,622050,402912,Do you have time for a quick chat? ,2024-02-24 19:26:35,,
587367,991848,655374,how have you been? ,2024-02-24 19:35:35,,
878970,370026,354978,Are you free to meet sometime? ,2024-02-24 19:41:35,,
424053,370026,368996,Looking forward to it!,2024-02-24 20:31:35,,
690597,709221,570139,what's new with you? ,2024-02-24 20:45:35,2024-02-24 20:48:35,
154968,709221,328131,"Hello, ",2024-02-24 21:12:35,,
882862,163112,378035,"Hi, ",2024-02-24 21:15:35,,
776373,646026,415271,"Greetings, ",2024-02-24 21:26:35,2024-02-24 21:30:35,
855950,646026,674228,See you around!,2024-02-24 21:29:35,,
971268,803265,838998,"Hello, ",2024-02-24 21:46:35,,
592493,940699,675687,"Hey, ",2024-02-24 21:50:35,,
531231,940699,805310,"Howdy, ",2024-02-24 22:10:35,,592493
804852,212819,331629,Take care!,2024-02-24 22:56:35,,
410203,212819,583988,Would love to chat soon. ,2024-02-24 23:51:35,,
192244,964228,136555,Maybe we could grab a coffee? ,2024-02-24 23:58:35,,
897786,963086,594561,Are you attending the alumni meetup? ,2024-02-25 00:05:35,,
903998,914481,959304,Are you attending the alumni meetup? ,2024-02-25 00:50:35,,
411440,196276,583988,what's new with you? ,2024-02-25 01:35:35,,903998
804622,196276,246897,what's new with you? ,2024-02-25 01:47:35,,
952809,709986,889222,Talk soon!,2024-02-25 01:59:35,,
766681,709986,557703,how's life treating you? ,2024-02-25 01:59:35,,
386952,616081,746042,Are you attending the alumni meetup? ,2024-02-25 01:59:35,,
917592,616081,328361,Do you have time for a quick chat? ,2024-02-25 02:03:35,,
927419,653121,427751,Are you free to meet sometime? ,2024-02-25 03:20:35,,
326573,653121,155493,See you around!,2024-02-25 03:25:35,,
625802,357244,393747,how's everything going? ,2024-02-25 03:49:35,,
869929,357244,259287,See you around!,2024-02-25 03:55:35,,
669094,144874,937320,Catch you later!,2024-02-25 05:13:35,,
231029,144874,716315,Are you free to meet sometime? ,2024-02-25 06:35:35,,
152400,861733,968661,Do you have time for a quick chat? ,2024-02-25 06:48:35,,
450284,899938,576975,"Hi, ",2024-02-25 07:01:35,,
129400,899938,772076,Are you attending the alumni meetup? ,2024-02-25 07:38:35,,
137123,734063,358678,how's everything going? ,2024-02-25 07:40:35,,129400
404737,734063,549211,Do you have time for a quick chat? ,2024-02-25 08:24:35,,
312508,981928,436301,how's everything going? ,2024-02-25 08:24:35,,
111564,981928,489279,"Greetings, ",2024-02-25 09:10:35,2024-02-25 09:41:35,
143098,931186,899873,Are you free to meet sometime? ,2024-02-25 09:32:35,,
436042,302977,468920,Are you attending the alumni meetup? ,2024-02-25 09:38:35,,
255631,302977,964971,hope you're doing well! ,2024-02-25 10:10:35,,
579875,459663,963086,Will you be at the next event? ,2024-02-25 10:14:35,,
308916,459663,227867,"Howdy, ",2024-02-25 10:20:35,,
318995,400420,796491,We should meet up sometime. ,2024-02-25 11:26:35,,
410077,786455,334416,Are you attending the alumni meetup? ,2024-02-25 11:26:35,2024-02-25 12:12:35,
337931,348629,784515,Let's catch up soon. ,2024-02-25 11:38:35,,
860298,466803,694059,See you around!,2024-02-25 11:44:35,,
932632,466803,307703,Take care!,2024-02-25 12:31:35,,
369667,333779,913733,Maybe we could grab a coffee? ,2024-02-25 13:30:35,,
489220,333779,535985,See you around!,2024-02-25 13:44:35,,
941768,158358,562233,"Hey there, ",2024-02-25 14:43:35,,
286933,802872,464392,It would be great to reconnect. ,2024-02-25 15:07:35,,
438368,802872,312571,Take care!,2024-02-25 15:14:35,,
311349,417948,181637,Talk soon!,2024-02-25 15:20:35,,
611839,714780,566015,It would be great to reconnect. ,2024-02-25 15:26:35,2024-02-25 15:29:35,311349
774316,594561,864972,"Hi, ",2024-02-25 16:49:35,2024-02-25 19:42:35,611839
790111,594561,485359,Let's catch up soon. ,2024-02-25 16:49:35,,
287767,328361,759265,Will you be at the next event? ,2024-02-25 17:27:35,,
934581,328361,623399,what's new with you? ,2024-02-25 17:37:35,,
244408,599779,873013,"Hello, ",2024-02-25 17:54:35,,
266334,599779,328361,how's everything going? ,2024-02-25 18:18:35,,
139927,177755,658740,Let's catch up soon. ,2024-02-25 19:31:35,,
294878,993460,854947,how have you been? ,2024-02-25 19:39:35,,
350862,946452,618975,Will you be at the next event? ,2024-02-25 19:56:35,,
210138,334756,308426,Will you be at the next event? ,2024-02-25 19:56:35,,350862
388873,334756,506303,"Howdy, ",2024-02-25 20:15:35,,
149676,846907,992840,Maybe we could grab a coffee? ,2024-02-25 20:43:35,,
557946,183117,423700,"Greetings, ",2024-02-25 21:26:35,,
717771,183117,707354,Catch you later!,2024-02-25 21:57:35,,
548245,579822,673912,It would be great to reconnect. ,2024-02-25 22:48:35,,
387844,998119,149120,Catch you later!,2024-02-25 23:22:35,,
552283,425160,979660,Take care!,2024-02-26 00:11:35,2024-02-26 02:25:35,
922433,914253,393747,Do you have time for a quick chat? ,2024-02-26 01:00:35,,
491558,788788,951221,"Greetings, ",2024-02-26 01:31:35,2024-02-26 01:31:35,922433
484086,788788,600375,"Hey there, ",2024-02-26 01:35:35,,
902836,300186,969844,We should meet up sometime. ,2024-02-26 01:48:35,,
909596,506303,977154,Are you attending the alumni meetup? ,2024-02-26 02:01:35,,
975879,120471,187176,"Howdy, ",2024-02-26 02:10:35,,
694223,858931,985139,Talk soon!,2024-02-26 02:49:35,,
491257,318448,159696,"Hello, ",2024-02-26 03:27:35,,
768326,318448,308087,hope you're doing well! ,2024-02-26 03:29:35,,
201636,466860,643370,Take care!,2024-02-26 04:58:35,2024-02-26 06:03:35,
656979,437829,360844,Will you be at the next event? ,2024-02-26 05:26:35,,
646784,549092,328131,Maybe we could grab a coffee? ,2024-02-26 05:46:35,,656979
830890,908023,601689,Catch you later!,2024-02-26 06:19:35,,
235057,908023,923272,Do you have time for a quick chat? ,2024-02-26 06:43:35,,
801143,201911,423212,Do you have time for a quick chat? ,2024-02-26 07:12:35,,
871651,554123,314919,how have you been? ,2024-02-26 07:12:35,,
641826,554123,578488,Do you have time for a quick chat? ,2024-02-26 07:28:35,,
602756,443145,212819,Do you have time for a quick chat? ,2024-02-26 08:17:35,,
304223,443145,319985,Maybe we could grab a coffee? ,2024-02-26 08:29:35,,
335219,958035,307657,We should meet up sometime. ,2024-02-26 09:19:35,,
361571,835631,317626,Are you attending the alumni meetup? ,2024-02-26 09:43:35,,
419061,835631,956312,"Hey, ",2024-02-26 10:59:35,,
147521,147640,546625,Would love to chat soon. ,2024-02-26 11:49:35,,
878532,147640,218307,Take care!,2024-02-26 13:29:35,,
257479,956312,378035,how are you doing? ,2024-02-26 14:11:35,,
578792,240626,398569,It would be great to reconnect. ,2024-02-26 15:21:35,,
397962,775527,395546,"Howdy, ",2024-02-26 16:07:35,,
398639,328781,713285,"Hey, ",2024-02-26 16:17:35,,
745564,202626,796491,Catch you later!,2024-02-26 16:42:35,,
394476,397492,244826,Maybe we could grab a coffee? ,2024-02-26 17:06:35,,
992095,397492,747672,Are you free to meet sometime? ,2024-02-26 17:07:35,,
695222,725222,554123,"Hi, ",2024-02-26 18:01:35,,
560462,233190,191259,"Howdy, ",2024-02-26 18:02:35,,
677387,973913,334416,Looking forward to it!,2024-02-26 18:22:35,,
146101,308629,984791,Take care!,2024-02-26 18:22:35,,
369124,360844,489901,Are you free to meet sometime? ,2024-02-26 18:23:35,,
501561,473375,665184,what's new with you? ,2024-02-26 18:24:35,,
767819,197670,931186,"Hello, ",2024-02-26 18:49:35,,
242244,197670,144874,"Hey there, ",2024-02-26 19:13:35,,
626874,307703,505809,Are you attending the alumni meetup? ,2024-02-26 19:15:35,,
671533,307703,187663,"Hey there, ",2024-02-26 20:00:35,,
163990,573959,167017,what's new with you? ,2024-02-26 20:13:35,,
898796,368687,694059,Let's catch up soon. ,2024-02-26 20:23:35,,
762086,368687,767601,"Hi, ",2024-02-26 20:48:35,,
988610,263987,328361,"Greetings, ",2024-02-26 21:02:35,2024-02-26 21:57:35,
119202,263987,318106,Let's catch up soon. ,2024-02-26 21:38:35,,
188138,286727,841288,Maybe we could grab a coffee? ,2024-02-26 22:32:35,,
790941,286727,993460,"Howdy, ",2024-02-26 22:55:35,,
589919,734675,692518,"Hi, ",2024-02-26 23:37:35,,
258935,325524,299453,Take care!,2024-02-26 23:38:35,,
639481,855693,945128,"Hey there, ",2024-02-26 23:46:35,,258935
261705,855693,162817,Talk soon!,2024-02-26 23:47:35,,
448960,977154,971651,See you around!,2024-02-27 00:37:35,,
135710,977154,538525,Would love to chat soon. ,2024-02-27 01:39:35,,
868447,968661,698740,Let's catch up soon. ,2024-02-27 02:29:35,,
752813,404662,914481,"Hi, ",2024-02-27 02:30:35,,
588815,404662,686026,hope you're doing well! ,2024-02-27 02:51:35,2024-02-27 03:20:35,
321921,832532,795462,"Howdy, ",2024-02-27 03:00:35,,
642100,910476,126455,Would love to chat soon. ,2024-02-27 04:31:35,,
676452,910476,851598,Looking forward to it!,2024-02-27 05:01:35,,642100
686076,701712,450390,Let's catch up soon. ,2024-02-27 05:50:35,,
515110,427771,331629,"Greetings, ",2024-02-27 06:10:35,,
377689,951221,767601,"Hey there, ",2024-02-27 07:20:35,,
834088,951221,692518,"Hey, ",2024-02-27 07:29:35,,
448051,929488,148192,Take care!,2024-02-27 07:53:35,,
754656,553112,420175,Are you free to meet sometime? ,2024-02-27 07:57:35,,
271580,553112,996317,how have you been? ,2024-02-27 08:07:35,,
424354,756465,959304,Would love to chat soon. ,2024-02-27 08:14:35,,
269538,756465,386445,Catch you later!,2024-02-27 08:35:35,,
803790,857796,333779,how are you doing? ,2024-02-27 09:08:35,,
414062,857796,468449,Are you attending the alumni meetup? ,2024-02-27 09:30:35,,
290202,713908,968723,Talk soon!,2024-02-27 09:58:35,,
233660,243584,338715,how's life treating you? ,2024-02-27 11:19:35,,
942011,243584,618975,See you around!,2024-02-27 11:32:35,,
226392,556817,674730,Take care!,2024-02-27 11:33:35,,
945494,785975,960273,Looking forward to it!,2024-02-27 11:36:35,,
407721,785975,372172,Would love to chat soon. ,2024-02-27 12:14:35,,
777501,211589,438132,how are you doing? ,2024-02-27 12:46:35,,
197861,211589,688314,Catch you later!,2024-02-27 13:35:35,,777501
871086,870753,795583,"Hi, ",2024-02-27 14:15:35,,
213282,255589,658740,"Hey there, ",2024-02-27 14:36:35,,
432596,251506,114365,Will you be at the next event? ,2024-02-27 14:58:35,,
935432,251506,127518,Let's catch up soon. ,2024-02-27 15:04:35,,
243411,737574,302758,We should meet up sometime. ,2024-02-27 15:59:35,,
189151,773997,352002,hope you're doing well! ,2024-02-27 16:01:35,,
778095,773997,864642,It would be great to reconnect. ,2024-02-27 17:20:35,,
140221,847249,225855,See you around!,2024-02-27 17:41:35,,
221833,253554,742017,Do you have time for a quick chat? ,2024-02-27 19:01:35,,
581012,253554,367384,Will you be at the next event? ,2024-02-27 19:02:35,,
765628,791043,992840,Let's catch up soon. ,2024-02-27 19:28:35,,
584169,791043,154720,Let's catch up soon. ,2024-02-27 19:59:35,,
870468,578488,891175,We should meet up sometime. ,2024-02-27 20:38:35,,
186707,603571,854947,what's new with you? ,2024-02-27 20:47:35,,
186871,603571,991848,See you around!,2024-02-27 21:04:35,,
156120,660198,162851,Let's catch up soon. ,2024-02-27 22:06:35,,
717293,283718,772076,hope you're doing well! ,2024-02-27 22:45:35,,
579113,645589,378035,"Howdy, ",2024-02-27 23:38:35,,
567371,645589,522622,"Greetings, ",2024-02-27 23:49:35,,
198805,218307,280615,"Greetings, ",2024-02-27 23:53:35,,
324478,218307,777327,Are you attending the alumni meetup? ,2024-02-27 23:54:35,,
785039,860009,692641,Are you free to meet sometime? ,2024-02-28 00:10:35,,
846332,240519,964971,"Hello, ",2024-02-28 01:08:35,,
121706,967410,751098,Would love to chat soon. ,2024-02-28 02:41:35,,
404873,967410,975242,Are you free to meet sometime? ,2024-02-28 03:31:35,,121706
817343,638505,359531,"Hi, ",2024-02-28 03:46:35,,404873
578127,970739,805310,how's everything going? ,2024-02-28 03:59:35,,
306980,970739,922093,"Hi, ",2024-02-28 04:43:35,,
892966,719952,582150,Maybe we could grab a coffee? ,2024-02-28 04:55:35,,306980
834220,705283,559828,how's everything going? ,2024-02-28 05:00:35,,
845532,639496,579517,It would be great to reconnect. ,2024-02-28 05:00:35,,
226879,763783,370026,"Greetings, ",2024-02-28 05:01:35,,845532
735375,283989,443017,Take care!,2024-02-28 05:08:35,,
878115,283989,448266,how are you doing? ,2024-02-28 05:09:35,,
773568,939003,242205,It would be great to reconnect. ,2024-02-28 05:16:35,,
259444,690737,181637,"Hey, ",2024-02-28 05:17:35,,
707944,476356,669597,See you around!,2024-02-28 05:20:35,,259444
872344,308426,867563,"Hey there, ",2024-02-28 05:35:35,,
170623,618825,130897,how are you doing? ,2024-02-28 06:33:35,,
548194,348902,394046,how's life treating you? ,2024-02-28 06:55:35,,
562372,616991,296107,Let's catch up soon. ,2024-02-28 06:57:35,,
371747,616991,436301,"Hey there, ",2024-02-28 06:58:35,2024-02-28 07:23:35,
199276,839534,985313,"Howdy, ",2024-02-28 07:22:35,,
893315,839534,501121,It would be great to reconnect. ,2024-02-28 07:44:35,,
441206,710266,642246,how are you doing? ,2024-02-28 08:08:35,,
514112,710266,718667,how's life treating you? ,2024-02-28 08:44:35,,
984274,611054,302758,It would be great to reconnect. ,2024-02-28 08:50:35,,
395746,611054,267847,Will you be at the next event? ,2024-02-28 09:18:35,,
744207,584148,175082,"Hi, ",2024-02-28 10:06:35,,
277044,584148,319985,Are you attending the alumni meetup? ,2024-02-28 10:24:35,,
327164,986090,791038,Talk soon!,2024-02-28 10:32:35,,
113024,986090,463431,Will you be at the next event? ,2024-02-28 11:58:35,2024-02-28 12:16:35,
806171,652569,710266,"Greetings, ",2024-02-28 12:18:35,,113024
959754,652569,211068,Take care!,2024-02-28 12:41:35,,
778732,753530,118311,Maybe we could grab a coffee? ,2024-02-28 12:48:35,,
896105,753530,322728,hope you're doing well! ,2024-02-28 12:59:35,,
293903,589560,838307,"Hey, ",2024-02-28 13:17:35,,
627203,589560,966111,Are you free to meet sometime? ,2024-02-28 13:37:35,,
978263,817033,881050,Take care!,2024-02-28 14:23:35,,
439034,669781,123389,Are you free to meet sometime? ,2024-02-28 15:01:35,,
125533,269061,562688,Are you attending the alumni meetup? ,2024-02-28 15:41:35,,
991264,269061,494825,"Howdy, ",2024-02-28 15:52:35,,
810740,654501,557703,Are you attending the alumni meetup? ,2024-02-28 16:39:35,,
714703,654501,908023,how have you been? ,2024-02-28 16:45:35,,
349064,561721,310613,how's life treating you? ,2024-02-28 17:34:35,,
564011,738231,489997,It would be great to reconnect. ,2024-02-28 20:48:35,,
944836,738231,655930,Take care!,2024-02-28 21:21:35,,
417457,731129,623055,Looking forward to it!,2024-02-28 21:58:35,,
331797,731129,589560,"Greetings, ",2024-02-28 21:58:35,,
959497,582150,443108,Do you have time for a quick chat? ,2024-02-28 22:16:35,,
374644,752669,709221,Looking forward to it!,2024-02-28 22:23:35,,
689386,752669,554123,what's new with you? ,2024-02-28 22:40:35,,
888038,201901,796029,Do you have time for a quick chat? ,2024-02-28 22:47:35,,
372061,201901,674730,Let's catch up soon. ,2024-02-29 00:47:35,,
191181,821477,768706,"Hey, ",2024-02-29 01:04:35,,372061
226108,253674,763783,Will you be at the next event? ,2024-02-29 01:12:35,,191181
219176,253674,717798,Maybe we could grab a coffee? ,2024-02-29 03:03:35,,
903169,494631,866909,Do you have time for a quick chat? ,2024-02-29 03:04:35,,
347571,990829,450390,how have you been? ,2024-02-29 03:40:35,,
924153,118311,332506,Are you free to meet sometime? ,2024-02-29 03:58:35,,
283813,462544,187150,how's everything going? ,2024-02-29 04:07:35,,
388107,340632,731129,hope you're doing well! ,2024-02-29 04:22:35,,
725728,683875,307657,"Hey, ",2024-02-29 05:26:35,,
921356,796892,796491,Talk soon!,2024-02-29 06:50:35,,
771717,580725,991848,It would be great to reconnect. ,2024-02-29 07:01:35,,
712676,580725,422251,Do you have time for a quick chat? ,2024-02-29 07:56:35,,
327532,201906,362393,Will you be at the next event? ,2024-02-29 08:11:35,,
502694,201906,729143,hope you're doing well! ,2024-02-29 08:11:35,,
435686,328706,725222,Will you be at the next event? ,2024-02-29 08:11:35,2024-02-29 08:25:35,
657211,328706,573959,how's everything going? ,2024-02-29 08:31:35,,
925141,912142,359402,We should meet up sometime. ,2024-02-29 09:33:35,,657211
201728,716957,721246,"Hey there, ",2024-02-29 09:47:35,,
160202,772076,881247,Take care!,2024-02-29 10:19:35,,
522149,643899,280615,"Greetings, ",2024-02-29 10:30:35,,
822688,643899,682408,how's everything going? ,2024-02-29 11:22:35,,
773234,754730,467308,"Howdy, ",2024-02-29 11:45:35,,
203228,754730,642901,how's everything going? ,2024-02-29 12:04:35,,
971920,162817,211589,Do you have time for a quick chat? ,2024-02-29 12:14:35,,
150114,162817,155493,Talk soon!,2024-02-29 12:15:35,2024-02-29 12:25:35,
988983,579168,302977,"Hey there, ",2024-02-29 14:27:35,,
874042,667074,910137,Catch you later!,2024-02-29 14:29:35,,988983
302615,667074,338715,"Hey, ",2024-02-29 15:09:35,,
754057,467308,601421,Talk soon!,2024-02-29 15:23:35,,
976108,881050,244328,Will you be at the next event? ,2024-02-29 15:28:35,,
185046,393584,717798,how's everything going? ,2024-02-29 15:35:35,,
610625,759265,987779,"Howdy, ",2024-02-29 16:13:35,,185046
956417,611297,212634,Let's catch up soon. ,2024-02-29 17:01:35,,
472778,611297,837555,how are you doing? ,2024-02-29 17:39:35,,
915443,244424,686982,what's new with you? ,2024-02-29 17:41:35,2024-02-29 18:02:35,
401600,244424,148192,It would be great to reconnect. ,2024-02-29 17:51:35,,
180107,571508,352002,See you around!,2024-02-29 18:24:35,,
597024,262439,622439,"Greetings, ",2024-02-29 18:24:35,,
756099,742676,916934,"Greetings, ",2024-02-29 18:24:35,,
594604,742676,431999,Are you attending the alumni meetup? ,2024-02-29 18:51:35,,
606980,243403,775527,Are you attending the alumni meetup? ,2024-02-29 19:15:35,,
941589,243403,129735,Are you free to meet sometime? ,2024-02-29 19:37:35,,
782186,892140,183422,how have you been? ,2024-02-29 20:16:35,,
785649,855329,946452,Will you be at the next event? ,2024-02-29 20:47:35,,
382217,855329,858447,Take care!,2024-02-29 20:57:35,2024-02-29 21:19:35,
609170,259287,325374,Are you free to meet sometime? ,2024-02-29 21:12:35,,
772925,259287,560187,"Howdy, ",2024-02-29 22:10:35,,
700848,909409,330505,Talk soon!,2024-02-29 22:27:35,,772925
171536,432991,780226,Take care!,2024-02-29 22:27:35,,
776728,432991,573138,how have you been? ,2024-02-29 22:38:35,,
372160,965981,496636,It would be great to reconnect. ,2024-02-29 22:46:35,,
839678,464392,212819,"Howdy, ",2024-02-29 23:28:35,2024-02-29 23:41:35,
642454,464392,914481,Let's catch up soon. ,2024-02-29 23:41:35,,
161862,669175,381922,Are you free to meet sometime? ,2024-02-29 23:43:35,,
459650,183207,378035,We should meet up sometime. ,2024-02-29 23:44:35,,
759547,183207,634706,Would love to chat soon. ,2024-03-01 00:09:35,,
891595,925370,539970,"Hello, ",2024-03-01 00:21:35,,
590854,925370,476689,"Hello, ",2024-03-01 01:46:35,,
755733,422251,223101,"Hello, ",2024-03-01 02:01:35,,
470431,422251,488418,Maybe we could grab a coffee? ,2024-03-01 03:35:35,,
132844,242064,656379,Let's catch up soon. ,2024-03-01 04:40:35,,
515700,242064,674730,Will you be at the next event? ,2024-03-01 04:56:35,,
826595,943725,628262,how's life treating you? ,2024-03-01 05:24:35,,
738300,468283,549092,how's everything going? ,2024-03-01 05:28:35,,826595
736757,788057,588090,how's life treating you? ,2024-03-01 05:33:35,,
322371,949011,619763,It would be great to reconnect. ,2024-03-01 05:52:35,,736757
771392,677007,147666,"Hello, ",2024-03-01 06:18:35,,
126555,677007,853583,Looking forward to it!,2024-03-01 07:35:35,,
280840,679238,244826,how's life treating you? ,2024-03-01 07:45:35,,
114818,679238,686026,"Hey there, ",2024-03-01 08:32:35,,
659179,457695,699381,Will you be at the next event? ,2024-03-01 09:36:35,,
898699,457695,689864,how's life treating you? ,2024-03-01 09:42:35,,
655529,243075,294692,how's everything going? ,2024-03-01 09:53:35,,
519837,243075,742922,what's new with you? ,2024-03-01 11:31:35,,
548920,675994,784515,how's everything going? ,2024-03-01 12:00:35,,
157563,675994,172360,Catch you later!,2024-03-01 12:14:35,,
363605,267847,579718,See you around!,2024-03-01 12:19:35,,
132080,579718,540525,See you around!,2024-03-01 13:28:35,,
304337,946284,489471,how are you doing? ,2024-03-01 14:05:35,,132080
372168,721147,542798,We should meet up sometime. ,2024-03-01 14:16:35,,
679063,537863,584437,Talk soon!,2024-03-01 15:30:35,,
231566,537863,613040,"Hi, ",2024-03-01 17:15:35,,
235778,507537,378035,"Hey there, ",2024-03-01 18:12:35,,
296715,507537,482988,Let's catch up soon. ,2024-03-01 18:43:35,,
418711,503733,579517,Are you attending the alumni meetup? ,2024-03-01 18:59:35,,
482843,336158,579380,what's new with you? ,2024-03-01 18:59:35,,
794865,750782,544236,Are you attending the alumni meetup? ,2024-03-01 19:06:35,,
828644,750782,729143,Do you have time for a quick chat? ,2024-03-01 19:34:35,,
337675,757906,488418,Let's catch up soon. ,2024-03-01 20:07:35,,
506479,881247,156843,hope you're doing well! ,2024-03-01 20:46:35,,
193407,881247,770849,what's new with you? ,2024-03-01 21:08:35,,
483783,435354,477099,"Hey there, ",2024-03-01 21:59:35,,
822145,435354,675956,Would love to chat soon. ,2024-03-01 22:08:35,,
238164,402912,397492,hope you're doing well! ,2024-03-01 22:48:35,,
310148,402912,464392,what's new with you? ,2024-03-01 23:07:35,,
939518,993622,663112,how have you been? ,2024-03-01 23:30:35,,
979997,993622,672618,Do you have time for a quick chat? ,2024-03-01 23:30:35,,
298447,404454,861733,"Hey, ",2024-03-01 23:46:35,,
363883,410362,773997,It would be great to reconnect. ,2024-03-01 23:50:35,2024-03-02 00:11:35,
325818,410362,709986,Catch you later!,2024-03-02 00:32:35,,
